{
  "Chrome": {
    "47.0.2526.107": {
      "iPad": {
        "8.4": 1
      },
      "iPhone": {
        "9.0": 1
      }
    },
    "50.0.2657.12": {
      "Android": {
        "6.0.99": 1
      }
    },
    "52.0.2743.116": {
      "OSX": {
        "10.11.6": 1
      }
    },
    "53.0.2785.116": {
      "Linux": {
        "x86.64": 1
      }
    },
    "55.0.2853.0": {
      "OSX": {
        "10.12.0": 1
      }
    }
  },
  "Edge": {
    "13.10586": {
      "Windows": {
        "10.0": 1
      }
    },
    "14.14300": {
      "Windows": {
        "10.0": 1
      }
    }
  },
  "Firefox": {
    "48.0": {
      "OSX": {
        "10.11": 1
      },
      "Windows": {
        "10.0": 1
      }
    },
    "49.0": {
      "OSX": {
        "10.12": 1
      }
    },
    "50.0": {
      "OSX": {
        "10.12": 1
      }
    }
  },
  "IE": {
    "10.0": {
      "Windows": {
        "6.2": 1
      }
    },
    "11.0": {
      "Windows": {
        "10.0": 1
      }
    }
  },
  "Opera": {
    "39.0.2256.43": {
      "Windows": {
        "10.0": 1
      }
    }
  },
  "Safari": {
    "600.1.4": {
      "iPad": {
        "8.4": 1
      }
    },
    "600.8.9": {
      "OSX": {
        "10.10.5": 1
      }
    },
    "601.1": {
      "iPhone": {
        "9.0": 1,
        "9.0.1": 1
      }
    },
    "601.5.17": {
      "OSX": {
        "10.11.4": 1
      }
    },
    "601.7.7": {
      "OSX": {
        "10.11.6": 1
      }
    },
    "602.1.38": {
      "OSX": {
        "10.12": 1
      }
    }
  }
}
